'60','test','test','http://demo01.nida.ac.th/donate05/uploadfile/181129000060.jpeg','2018-11-29 04:12:27'
'61','test111','test112','http://demo01.nida.ac.th/donate05/uploadfile/181129000061.jpeg','2018-11-29 04:13:34'
62,test111,test112,http://demo01.nida.ac.th/donate05/uploadfile/181129000062.jpeg,2018-11-29 04:21:34
63,aaa,bbb,http://demo01.donate.nida.ac.th/donate05/uploadfile/181129000063.pdf,2018-11-29 09:11:32
64,aaa,bbb,http://demo01.donate.nida.ac.th/donate05/uploadfile/181129000064.pdf,2018-11-29 09:46:45
65,aaa,bbb,http://demo01.donate.nida.ac.th/donate05/uploadfile/181129000065.pdf,2018-11-29 09:46:47
66,aaa,bbb,http://demo01.donate.nida.ac.th/donate05/uploadfile/181129000066.pdf,2018-11-29 09:53:38
67,aaa,bbb,http://demo01.donate.nida.ac.th/donate05/uploadfile/181129000067.pdf,2018-11-29 09:54:58
68,aaa,bbb,http://demo01.donate.nida.ac.th/donate05/uploadfile/181129000068.pdf,2018-11-29 10:00:44
69,sadfasdf,dfssssgds,http://demo01.donate.nida.ac.th/donate05/uploadfile/181129000069.jpeg,2018-11-29 10:22:36
70,aaa,vvv,http://demo01.donate.nida.ac.th/donate05/uploadfile/181129000070.jpeg,2018-11-29 10:57:09
